Iteration,BestCost,Runtime
5,21956319.0,6.76700234413147
55,21779594.0,83.69202446937561
105,21787828.0,152.03399443626404
155,21785386.0,187.54402446746826
205,21764485.0,277.7112946510315
